{"cameraMode":{"drawMode":0,"name":"Shaded","section":"Shading Mode"},"sceneLighting":false,"audioPlay":false,"sceneViewState":{"m_AlwaysRefresh":false,"showFog":true,"showSkybox":false,"showFlares":true,"showImageEffects":true,"showParticleSystems":true,"showVisualEffectGraphs":true,"m_FxEnabled":true},"in2DMode":false,"pivot":{"x":0.04387187957763672,"y":0.42714810371398928,"z":-0.03466486930847168},"rotation":{"x":0.1349457949399948,"y":-0.5517244935035706,"z":0.0910196378827095,"w":0.8179892301559448},"size":5.5490522384643559,"orthographic":false}