{"cameraMode":{"drawMode":0,"name":"Shaded","section":"Shading Mode"},"sceneLighting":true,"audioPlay":false,"sceneViewState":{"m_AlwaysRefresh":false,"showFog":true,"showSkybox":false,"showFlares":true,"showImageEffects":true,"showParticleSystems":true,"showVisualEffectGraphs":true,"m_FxEnabled":true},"in2DMode":false,"pivot":{"x":0.03808610513806343,"y":0.1357766091823578,"z":0.9966698884963989},"rotation":{"x":-0.13292261958122254,"y":-0.051715876907110217,"z":0.006945127621293068,"w":-0.9897533655166626},"size":0.5310010313987732,"orthographic":false}